customer_id,customer_name,email_id
1,Debra Kelly,sony.shrestha@estudiantat.upc.edu
2,Nicholas Cardenas,sony.sth8@gmail.com
3,Barbara Holder,sony.shrestha@estudiantat.upc.edu
4,Jermaine Johnson,sony.shrestha@estudiantat.upc.edu
5,Joyce Austin MD,sony.sth8@gmail.com
6,Xavier Johnson,sony.shrestha@estudiantat.upc.edu
7,Timothy Gray,sony.sth8@gmail.com
8,Heidi Bean,sony.sth8@gmail.com
9,Ronald Taylor,sony.shrestha@estudiantat.upc.edu
10,Kayla Cruz,sony.sth8@gmail.com
11,John Morris,sony.shrestha@estudiantat.upc.edu
12,Eric Liu,sony.sth8@gmail.com
13,William Santiago,sony.sth8@gmail.com
14,Eric Jones,sony.shrestha@estudiantat.upc.edu
15,Kevin Monroe,sony.shrestha@estudiantat.upc.edu
16,Douglas Cabrera,sony.sth8@gmail.com
17,Sarah Lewis,sony.shrestha@estudiantat.upc.edu
18,Erika Collins,sony.shrestha@estudiantat.upc.edu
19,William Cardenas,sony.sth8@gmail.com
20,Tina Brewer,sony.shrestha@estudiantat.upc.edu
21,Jeremy White,sony.sth8@gmail.com
22,Heather Flynn,sony.shrestha@estudiantat.upc.edu
23,Stephanie Allen,sony.sth8@gmail.com
24,Katie Smith,sony.shrestha@estudiantat.upc.edu
25,Megan Craig,sony.sth8@gmail.com
26,Christopher Shields,sony.sth8@gmail.com
27,Mary Hubbard,sony.shrestha@estudiantat.upc.edu
28,Hailey Petersen,sony.sth8@gmail.com
29,Richard Donovan,sony.sth8@gmail.com
30,Manuel Armstrong,sony.shrestha@estudiantat.upc.edu
31,Ryan Howell,sony.shrestha@estudiantat.upc.edu
32,Audrey Evans,sony.shrestha@estudiantat.upc.edu
33,Brian Cervantes,sony.shrestha@estudiantat.upc.edu
34,Jamie Smith,sony.shrestha@estudiantat.upc.edu
35,Curtis Mendez,sony.shrestha@estudiantat.upc.edu
36,Matthew Bond,sony.sth8@gmail.com
37,Patricia Gould,sony.shrestha@estudiantat.upc.edu
38,Christopher Hill,sony.sth8@gmail.com
39,Jeremy Mejia,sony.sth8@gmail.com
40,Christopher Wagner,sony.sth8@gmail.com
41,Ebony Rubio,sony.shrestha@estudiantat.upc.edu
42,Michelle Long,sony.sth8@gmail.com
43,Julia Lewis,sony.shrestha@estudiantat.upc.edu
44,Brenda Brewer,sony.shrestha@estudiantat.upc.edu
45,Jonathan Wright,sony.sth8@gmail.com
46,Philip Huerta,sony.shrestha@estudiantat.upc.edu
47,Angela Williamson,sony.sth8@gmail.com
48,Katherine Garza,sony.shrestha@estudiantat.upc.edu
49,Stacie Brock,sony.shrestha@estudiantat.upc.edu
50,Roger Rivera,sony.shrestha@estudiantat.upc.edu
51,Carrie Mosley,sony.sth8@gmail.com
52,Cody Smith,sony.sth8@gmail.com
53,Nicole Simpson,sony.shrestha@estudiantat.upc.edu
54,Cathy Miranda,sony.shrestha@estudiantat.upc.edu
55,Raymond Vargas,sony.sth8@gmail.com
56,Nicholas Burns PhD,sony.sth8@gmail.com
57,Deborah Church,sony.shrestha@estudiantat.upc.edu
58,Daniel Sutton,sony.shrestha@estudiantat.upc.edu
59,Meghan Bridges,sony.shrestha@estudiantat.upc.edu
60,Taylor Herrera,sony.shrestha@estudiantat.upc.edu
61,Robert Villa,sony.sth8@gmail.com
62,Maria Wilson,sony.sth8@gmail.com
63,Christian Turner,sony.sth8@gmail.com
64,Miss Martha Smith,sony.shrestha@estudiantat.upc.edu
65,Robert Rodriguez,sony.shrestha@estudiantat.upc.edu
66,Scott Taylor,sony.shrestha@estudiantat.upc.edu
67,Leon Santos,sony.shrestha@estudiantat.upc.edu
68,Luke Baldwin,sony.shrestha@estudiantat.upc.edu
69,Carla Taylor MD,sony.sth8@gmail.com
70,Scott Estrada,sony.sth8@gmail.com
71,Teresa Bailey,sony.sth8@gmail.com
72,Michele Butler,sony.shrestha@estudiantat.upc.edu
73,Paula Garcia,sony.shrestha@estudiantat.upc.edu
74,Anthony Jenkins,sony.shrestha@estudiantat.upc.edu
75,James Collins,sony.shrestha@estudiantat.upc.edu
76,John Johnson,sony.shrestha@estudiantat.upc.edu
77,Leah Diaz,sony.shrestha@estudiantat.upc.edu
78,Ashley Bryant,sony.sth8@gmail.com
79,Annette Aguirre,sony.sth8@gmail.com
80,Linda Santos,sony.shrestha@estudiantat.upc.edu
81,Wesley Gibbs,sony.sth8@gmail.com
82,Antonio Powell,sony.shrestha@estudiantat.upc.edu
83,Jennifer Sanders,sony.shrestha@estudiantat.upc.edu
84,Natasha Pierce,sony.shrestha@estudiantat.upc.edu
85,Angela Duncan,sony.sth8@gmail.com
86,Beth Reed,sony.sth8@gmail.com
87,Craig Bowen,sony.shrestha@estudiantat.upc.edu
88,Danielle White,sony.sth8@gmail.com
89,Brandy Garrett,sony.sth8@gmail.com
90,Jessica Lowe,sony.shrestha@estudiantat.upc.edu
91,Nancy Garcia,sony.sth8@gmail.com
92,Donna Sampson,sony.shrestha@estudiantat.upc.edu
93,Kevin Spence,sony.sth8@gmail.com
94,Nancy Henderson,sony.shrestha@estudiantat.upc.edu
95,Nicholas Navarro,sony.sth8@gmail.com
96,Kimberly Castro,sony.sth8@gmail.com
97,Mark Davis,sony.shrestha@estudiantat.upc.edu
98,Kelly Proctor,sony.shrestha@estudiantat.upc.edu
99,Natasha Green,sony.shrestha@estudiantat.upc.edu
100,Diana Barber,sony.shrestha@estudiantat.upc.edu
101,Robert Byrd,sony.shrestha@estudiantat.upc.edu
102,Gabriel Guerra,sony.sth8@gmail.com
103,James Schmidt,sony.sth8@gmail.com
104,Vanessa Gonzalez,sony.sth8@gmail.com
105,April Little,sony.sth8@gmail.com
106,Olivia Tapia,sony.shrestha@estudiantat.upc.edu
107,Katherine Perez,sony.sth8@gmail.com
108,Jeffrey Ford,sony.shrestha@estudiantat.upc.edu
109,Billy Barron,sony.shrestha@estudiantat.upc.edu
110,Jonathan Bradshaw,sony.sth8@gmail.com
111,Pamela Garcia,sony.sth8@gmail.com
112,Isaiah Nunez,sony.shrestha@estudiantat.upc.edu
113,Leslie Jackson,sony.shrestha@estudiantat.upc.edu
114,Michelle Brown,sony.shrestha@estudiantat.upc.edu
115,Bryan King,sony.sth8@gmail.com
116,David Hamilton,sony.shrestha@estudiantat.upc.edu
117,Lisa Willis,sony.sth8@gmail.com
118,Ricardo Rice,sony.shrestha@estudiantat.upc.edu
119,Brian Coleman,sony.shrestha@estudiantat.upc.edu
120,Heather Snyder,sony.sth8@gmail.com
121,Michael Roth,sony.sth8@gmail.com
122,Devin Bradshaw,sony.shrestha@estudiantat.upc.edu
123,Kathleen Hanna,sony.sth8@gmail.com
124,Glen Schwartz,sony.shrestha@estudiantat.upc.edu
125,Jessica Taylor,sony.shrestha@estudiantat.upc.edu
126,Jade Mayo,sony.shrestha@estudiantat.upc.edu
127,Deborah Alexander,sony.shrestha@estudiantat.upc.edu
128,Lauren Vazquez,sony.sth8@gmail.com
129,John Martin,sony.shrestha@estudiantat.upc.edu
130,Angela Booker,sony.shrestha@estudiantat.upc.edu
131,Natalie Brown,sony.sth8@gmail.com
132,Lawrence Baker Jr.,sony.shrestha@estudiantat.upc.edu
133,Phillip Warner,sony.sth8@gmail.com
134,Ms. Tara Hughes,sony.sth8@gmail.com
135,Edward Crawford,sony.shrestha@estudiantat.upc.edu
136,Kelsey Harris,sony.sth8@gmail.com
137,Veronica Young,sony.sth8@gmail.com
138,Jeff Bowen,sony.sth8@gmail.com
139,Emily Melendez,sony.shrestha@estudiantat.upc.edu
140,Michelle Reynolds,sony.sth8@gmail.com
141,Amanda Simmons,sony.sth8@gmail.com
142,Andrew Solomon,sony.shrestha@estudiantat.upc.edu
143,Ryan Erickson,sony.shrestha@estudiantat.upc.edu
144,Matthew Ramirez,sony.sth8@gmail.com
145,Sandra Chase,sony.shrestha@estudiantat.upc.edu
146,Alexis Gomez,sony.shrestha@estudiantat.upc.edu
147,Katie Henderson,sony.sth8@gmail.com
148,Allen Curry,sony.shrestha@estudiantat.upc.edu
149,Jeffrey Callahan,sony.sth8@gmail.com
150,Peter Sexton,sony.shrestha@estudiantat.upc.edu
151,Jessica Watson,sony.shrestha@estudiantat.upc.edu
152,Brittany Ryan,sony.shrestha@estudiantat.upc.edu
153,Heather Conway,sony.sth8@gmail.com
154,Shawn Cook,sony.sth8@gmail.com
155,Walter Guerrero,sony.shrestha@estudiantat.upc.edu
156,Rebecca Campbell,sony.shrestha@estudiantat.upc.edu
157,Steven Cobb,sony.sth8@gmail.com
158,Mary Salinas,sony.shrestha@estudiantat.upc.edu
159,David Hayden,sony.sth8@gmail.com
160,Alexander Lewis,sony.shrestha@estudiantat.upc.edu
161,Terry Russell,sony.shrestha@estudiantat.upc.edu
162,Jonathan Hall,sony.shrestha@estudiantat.upc.edu
163,Ethan Bradley,sony.shrestha@estudiantat.upc.edu
164,Samuel Walton,sony.shrestha@estudiantat.upc.edu
165,Mary Fields,sony.sth8@gmail.com
166,Cameron Gill,sony.sth8@gmail.com
167,Joanna Collins,sony.sth8@gmail.com
168,Mary Greer,sony.shrestha@estudiantat.upc.edu
169,Anna Case,sony.sth8@gmail.com
170,William Obrien,sony.sth8@gmail.com
171,Joseph Hooper,sony.sth8@gmail.com
172,Mrs. Selena Wheeler,sony.shrestha@estudiantat.upc.edu
173,Erica Zamora,sony.sth8@gmail.com
174,Rachel Harris,sony.sth8@gmail.com
175,Miranda Chambers,sony.sth8@gmail.com
176,Douglas Reeves,sony.shrestha@estudiantat.upc.edu
177,Erin Buchanan,sony.shrestha@estudiantat.upc.edu
178,Rebecca Reed,sony.shrestha@estudiantat.upc.edu
179,Gwendolyn Fields DVM,sony.sth8@gmail.com
180,Madison Diaz,sony.shrestha@estudiantat.upc.edu
181,Lauren Craig,sony.sth8@gmail.com
182,Dr. Toni Kirk MD,sony.shrestha@estudiantat.upc.edu
183,Kelly Richardson,sony.sth8@gmail.com
184,Jennifer Nicholson,sony.sth8@gmail.com
185,Amber Vazquez,sony.shrestha@estudiantat.upc.edu
186,Jennifer Booker,sony.sth8@gmail.com
187,Joyce Webb,sony.shrestha@estudiantat.upc.edu
188,Kimberly Howell,sony.shrestha@estudiantat.upc.edu
189,Mr. Antonio Brady DDS,sony.sth8@gmail.com
190,Stacy Hawkins,sony.shrestha@estudiantat.upc.edu
191,Melissa Singh,sony.sth8@gmail.com
192,Mary Wilkins,sony.shrestha@estudiantat.upc.edu
193,Brandon Thompson,sony.shrestha@estudiantat.upc.edu
194,Barbara Martin,sony.sth8@gmail.com
195,Dennis Escobar,sony.shrestha@estudiantat.upc.edu
196,Leslie Clarke,sony.sth8@gmail.com
197,William Greene,sony.sth8@gmail.com
198,Jerome Joseph,sony.sth8@gmail.com
199,Andre White,sony.sth8@gmail.com
200,Danny Bowers,sony.sth8@gmail.com
201,Rachel Mathews,sony.sth8@gmail.com
202,Casey Jordan,sony.shrestha@estudiantat.upc.edu
203,Lori French,sony.shrestha@estudiantat.upc.edu
204,Laura Andrade,sony.sth8@gmail.com
205,Brandon Guerrero,sony.sth8@gmail.com
206,Tiffany Graham,sony.sth8@gmail.com
207,David Morris,sony.sth8@gmail.com
208,Jessica Richardson,sony.shrestha@estudiantat.upc.edu
209,Sarah Anderson,sony.sth8@gmail.com
210,Kathy Taylor,sony.shrestha@estudiantat.upc.edu
211,Steven Freeman,sony.shrestha@estudiantat.upc.edu
212,Monica Lozano,sony.shrestha@estudiantat.upc.edu
213,Garrett Montgomery,sony.shrestha@estudiantat.upc.edu
214,Joshua Myers,sony.sth8@gmail.com
215,Emily Stone,sony.shrestha@estudiantat.upc.edu
216,William Stephens,sony.shrestha@estudiantat.upc.edu
217,Brian Meyer,sony.sth8@gmail.com
218,Derrick Hendricks,sony.shrestha@estudiantat.upc.edu
219,Diana Herrera,sony.sth8@gmail.com
220,Steven Barber,sony.sth8@gmail.com
221,Jennifer Day,sony.shrestha@estudiantat.upc.edu
222,Jennifer Padilla,sony.sth8@gmail.com
223,Erin Dalton,sony.shrestha@estudiantat.upc.edu
224,Jennifer Farmer,sony.sth8@gmail.com
225,Carol Mccoy,sony.sth8@gmail.com
226,Brenda Mcclain,sony.shrestha@estudiantat.upc.edu
227,Mary Rivas,sony.shrestha@estudiantat.upc.edu
228,Eric Rose,sony.shrestha@estudiantat.upc.edu
229,Randy Rodriguez,sony.shrestha@estudiantat.upc.edu
230,George Rogers,sony.shrestha@estudiantat.upc.edu
231,Kendra Smith,sony.shrestha@estudiantat.upc.edu
232,Kyle Jones,sony.shrestha@estudiantat.upc.edu
233,Vincent Downs,sony.sth8@gmail.com
234,Jennifer Jenkins,sony.sth8@gmail.com
235,Holly Jordan,sony.shrestha@estudiantat.upc.edu
236,Sue Beck,sony.sth8@gmail.com
237,Nicholas Price,sony.shrestha@estudiantat.upc.edu
238,Laura Gomez,sony.sth8@gmail.com
239,Michael Hartman,sony.shrestha@estudiantat.upc.edu
240,Melissa Medina,sony.sth8@gmail.com
241,Joshua Ellis,sony.shrestha@estudiantat.upc.edu
242,Patrick Edwards,sony.sth8@gmail.com
243,Julie Blackwell,sony.sth8@gmail.com
244,Anita Davis,sony.sth8@gmail.com
245,Mrs. Susan Torres PhD,sony.sth8@gmail.com
246,Christian Johnson,sony.sth8@gmail.com
247,Sarah Huynh,sony.shrestha@estudiantat.upc.edu
248,Juan Ferguson,sony.shrestha@estudiantat.upc.edu
249,Wanda Garza,sony.shrestha@estudiantat.upc.edu
250,Alyssa Johnson,sony.sth8@gmail.com
251,Stephanie Holland,sony.sth8@gmail.com
252,Marc Wood,sony.sth8@gmail.com
253,Rachel Miranda,sony.shrestha@estudiantat.upc.edu
254,Andrea Ortiz,sony.shrestha@estudiantat.upc.edu
255,Jerry Gibson,sony.sth8@gmail.com
256,Raymond Burton,sony.sth8@gmail.com
257,Aimee Kelly,sony.shrestha@estudiantat.upc.edu
258,Matthew Reyes DDS,sony.sth8@gmail.com
259,Kristin Stephenson,sony.shrestha@estudiantat.upc.edu
260,Kyle Kelly,sony.shrestha@estudiantat.upc.edu
261,Lindsay Anderson,sony.sth8@gmail.com
262,Jim Nolan,sony.shrestha@estudiantat.upc.edu
263,Jason Mendoza,sony.shrestha@estudiantat.upc.edu
264,Brittany Blackwell,sony.sth8@gmail.com
265,Scott Monroe,sony.shrestha@estudiantat.upc.edu
266,Richard Walsh,sony.shrestha@estudiantat.upc.edu
267,Sherry Escobar,sony.shrestha@estudiantat.upc.edu
268,George Rodriguez,sony.shrestha@estudiantat.upc.edu
269,Isaac Clark,sony.shrestha@estudiantat.upc.edu
270,Anthony Berry,sony.sth8@gmail.com
271,Christopher Allen,sony.shrestha@estudiantat.upc.edu
272,Kristin Fritz,sony.shrestha@estudiantat.upc.edu
273,Anthony Haley,sony.sth8@gmail.com
274,George Phillips,sony.sth8@gmail.com
275,Joshua Turner II,sony.shrestha@estudiantat.upc.edu
276,Christina Garcia,sony.sth8@gmail.com
277,Marissa Davis,sony.shrestha@estudiantat.upc.edu
278,Stephanie Steele,sony.shrestha@estudiantat.upc.edu
279,Charles Johnson,sony.sth8@gmail.com
280,Steven Taylor,sony.shrestha@estudiantat.upc.edu
281,Jeffrey Warren,sony.shrestha@estudiantat.upc.edu
282,Tracy Young DDS,sony.sth8@gmail.com
283,Nancy Wood,sony.sth8@gmail.com
284,Jessica Gonzalez,sony.sth8@gmail.com
285,Kelsey Tucker,sony.shrestha@estudiantat.upc.edu
286,Melissa Wilson,sony.sth8@gmail.com
287,Dr. Alan Everett,sony.sth8@gmail.com
288,Mary Harrell,sony.shrestha@estudiantat.upc.edu
289,Kelsey Griffin,sony.shrestha@estudiantat.upc.edu
290,Laura Wilson,sony.sth8@gmail.com
291,Luke Curtis,sony.shrestha@estudiantat.upc.edu
292,Sarah Howell,sony.sth8@gmail.com
293,Ryan Coleman,sony.shrestha@estudiantat.upc.edu
294,Benjamin Chung,sony.sth8@gmail.com
295,Mrs. Felicia Dunn MD,sony.shrestha@estudiantat.upc.edu
296,Laura Hall,sony.sth8@gmail.com
297,David Gomez,sony.shrestha@estudiantat.upc.edu
298,Kelly Carter,sony.shrestha@estudiantat.upc.edu
299,Jennifer Thomas,sony.sth8@gmail.com
300,Logan Parker,sony.shrestha@estudiantat.upc.edu
301,Adam Schmidt,sony.sth8@gmail.com
302,Kelsey Webb,sony.shrestha@estudiantat.upc.edu
303,Aaron Nolan,sony.sth8@gmail.com
304,Susan Maldonado,sony.sth8@gmail.com
305,Kim Tran,sony.sth8@gmail.com
306,Jane Patterson,sony.sth8@gmail.com
307,Joshua Ewing,sony.sth8@gmail.com
308,Dennis Khan,sony.sth8@gmail.com
309,Paul Cordova,sony.sth8@gmail.com
310,Krystal Williams,sony.sth8@gmail.com
311,Douglas Torres,sony.sth8@gmail.com
312,Tracy Garcia,sony.shrestha@estudiantat.upc.edu
313,Yvette Greene,sony.shrestha@estudiantat.upc.edu
314,Brian Morales,sony.shrestha@estudiantat.upc.edu
315,Jeremy Owens,sony.sth8@gmail.com
316,Jacob Bowman,sony.sth8@gmail.com
317,Ashley Mills,sony.sth8@gmail.com
318,Christopher Mcdonald,sony.shrestha@estudiantat.upc.edu
319,Brandon Johnson,sony.shrestha@estudiantat.upc.edu
320,Corey Lee,sony.sth8@gmail.com
321,Cindy Griffin,sony.shrestha@estudiantat.upc.edu
322,Willie Ramos,sony.sth8@gmail.com
323,Brandon Stevenson,sony.shrestha@estudiantat.upc.edu
324,Alison Cook,sony.sth8@gmail.com
325,Michael Simmons,sony.sth8@gmail.com
326,Dorothy Ortega,sony.shrestha@estudiantat.upc.edu
327,Heather Adams,sony.sth8@gmail.com
328,Brian Patterson,sony.sth8@gmail.com
329,Mark Hale,sony.shrestha@estudiantat.upc.edu
330,Joseph Ellis,sony.sth8@gmail.com
331,Richard Bender,sony.sth8@gmail.com
332,Carolyn Hays,sony.shrestha@estudiantat.upc.edu
333,Steven Rodriguez,sony.sth8@gmail.com
334,Julie Willis,sony.shrestha@estudiantat.upc.edu
335,Lisa Webster,sony.shrestha@estudiantat.upc.edu
336,Sierra Hernandez,sony.shrestha@estudiantat.upc.edu
337,Julie Hughes,sony.shrestha@estudiantat.upc.edu
338,James Townsend,sony.sth8@gmail.com
339,Megan Sampson,sony.sth8@gmail.com
340,Melanie Ayala,sony.shrestha@estudiantat.upc.edu
341,Benjamin Daniels,sony.shrestha@estudiantat.upc.edu
342,Frances Spears,sony.sth8@gmail.com
343,Kimberly Wood,sony.shrestha@estudiantat.upc.edu
344,Patrick Anderson,sony.shrestha@estudiantat.upc.edu
345,Joseph Johnson,sony.shrestha@estudiantat.upc.edu
346,Kelly Coleman,sony.shrestha@estudiantat.upc.edu
347,Joshua Allen,sony.sth8@gmail.com
348,Joseph Graves,sony.shrestha@estudiantat.upc.edu
349,Nicole Smith,sony.shrestha@estudiantat.upc.edu
350,Charles Craig,sony.sth8@gmail.com
351,Corey Smith,sony.shrestha@estudiantat.upc.edu
352,Crystal Frank,sony.shrestha@estudiantat.upc.edu
353,Riley Smith,sony.sth8@gmail.com
354,Lee Roberts,sony.sth8@gmail.com
355,Elizabeth Kirby,sony.shrestha@estudiantat.upc.edu
356,Zachary Cunningham,sony.shrestha@estudiantat.upc.edu
357,Jeanette Shelton,sony.shrestha@estudiantat.upc.edu
358,Kristen Pratt,sony.shrestha@estudiantat.upc.edu
359,Joel Hensley,sony.sth8@gmail.com
360,Laura Briggs DVM,sony.sth8@gmail.com
361,Timothy Marsh,sony.sth8@gmail.com
362,Jessica Fox MD,sony.shrestha@estudiantat.upc.edu
363,Franklin Mccoy,sony.sth8@gmail.com
364,Stacey Guzman,sony.shrestha@estudiantat.upc.edu
365,David Ellison,sony.shrestha@estudiantat.upc.edu
366,Mr. Derek Martin,sony.sth8@gmail.com
367,Jennifer Wright,sony.shrestha@estudiantat.upc.edu
368,Kevin Romero,sony.shrestha@estudiantat.upc.edu
369,Alison Johnson,sony.sth8@gmail.com
370,Todd Hunt,sony.sth8@gmail.com
371,April Fuentes,sony.shrestha@estudiantat.upc.edu
372,Paige Ortega,sony.shrestha@estudiantat.upc.edu
373,Carolyn Smith,sony.shrestha@estudiantat.upc.edu
374,Timothy Lopez,sony.shrestha@estudiantat.upc.edu
375,Dr. Tiffany Wilson,sony.shrestha@estudiantat.upc.edu
376,Victoria Harding,sony.sth8@gmail.com
377,Katherine Dean,sony.sth8@gmail.com
378,Rhonda Ware,sony.sth8@gmail.com
379,John Roberson,sony.sth8@gmail.com
380,Samantha Short,sony.sth8@gmail.com
381,Andrew Smith,sony.shrestha@estudiantat.upc.edu
382,Sherry Charles,sony.shrestha@estudiantat.upc.edu
383,Aaron Hodge,sony.sth8@gmail.com
384,Carrie Cobb,sony.shrestha@estudiantat.upc.edu
385,Ryan Barnes,sony.shrestha@estudiantat.upc.edu
386,Caitlin Hernandez,sony.sth8@gmail.com
387,Brian Hudson,sony.shrestha@estudiantat.upc.edu
388,David Long,sony.sth8@gmail.com
389,Edwin Nelson,sony.shrestha@estudiantat.upc.edu
390,Matthew Walsh,sony.shrestha@estudiantat.upc.edu
391,Daniel Campos,sony.sth8@gmail.com
392,Michelle Rodgers,sony.sth8@gmail.com
393,Amy Williams,sony.shrestha@estudiantat.upc.edu
394,Cathy Riley,sony.shrestha@estudiantat.upc.edu
395,David Chaney,sony.shrestha@estudiantat.upc.edu
396,Melissa Parker,sony.sth8@gmail.com
397,Christopher Trevino,sony.sth8@gmail.com
398,Michael Wilkinson,sony.sth8@gmail.com
399,Chelsea Rice,sony.sth8@gmail.com
400,Deanna House,sony.shrestha@estudiantat.upc.edu
401,Taylor Holt,sony.sth8@gmail.com
402,Matthew Simmons,sony.shrestha@estudiantat.upc.edu
403,Jesus Smith,sony.sth8@gmail.com
404,Michelle Johns,sony.sth8@gmail.com
405,Jill Garcia,sony.shrestha@estudiantat.upc.edu
406,Catherine Thompson,sony.shrestha@estudiantat.upc.edu
407,Kenneth Long,sony.shrestha@estudiantat.upc.edu
408,Isaac Cowan,sony.sth8@gmail.com
409,Maxwell Moss,sony.sth8@gmail.com
410,Julian Patterson,sony.sth8@gmail.com
411,Jessica Grant,sony.sth8@gmail.com
412,Troy Alvarado,sony.sth8@gmail.com
413,Lauren Silva,sony.sth8@gmail.com
414,Chad Brown,sony.sth8@gmail.com
415,Dylan Allen,sony.sth8@gmail.com
416,William Dougherty,sony.sth8@gmail.com
417,Mr. Anthony Peterson,sony.sth8@gmail.com
418,Haley Webb,sony.shrestha@estudiantat.upc.edu
419,Christine Hill,sony.sth8@gmail.com
420,Jeremiah Weber,sony.sth8@gmail.com
421,Joseph Wilson,sony.sth8@gmail.com
422,Heather Lang,sony.shrestha@estudiantat.upc.edu
423,Michelle Ellis,sony.sth8@gmail.com
424,Randall Watson,sony.shrestha@estudiantat.upc.edu
425,Thomas Ballard,sony.sth8@gmail.com
426,Zachary Griffin,sony.sth8@gmail.com
427,Jennifer Butler,sony.shrestha@estudiantat.upc.edu
428,Brian Odom,sony.shrestha@estudiantat.upc.edu
429,Dr. Jason Bennett,sony.shrestha@estudiantat.upc.edu
430,Christopher Sanchez,sony.sth8@gmail.com
431,Michael Perez,sony.sth8@gmail.com
432,David Gonzalez,sony.sth8@gmail.com
433,Ashley Coleman,sony.shrestha@estudiantat.upc.edu
434,Ricky Wolf,sony.shrestha@estudiantat.upc.edu
435,Bruce Ritter,sony.sth8@gmail.com
436,Whitney Huang,sony.sth8@gmail.com
437,Brenda Swanson,sony.shrestha@estudiantat.upc.edu
438,Jason Campbell,sony.shrestha@estudiantat.upc.edu
439,Nathan Rodriguez,sony.sth8@gmail.com
440,Patricia Wilson,sony.sth8@gmail.com
441,Jesse Perez PhD,sony.shrestha@estudiantat.upc.edu
442,Ashley Haas,sony.sth8@gmail.com
443,Katie Lewis,sony.sth8@gmail.com
444,Ralph Thomas,sony.shrestha@estudiantat.upc.edu
445,Zachary Ross,sony.sth8@gmail.com
446,Jason Chapman,sony.sth8@gmail.com
447,David Smith,sony.shrestha@estudiantat.upc.edu
448,Michael Smith,sony.sth8@gmail.com
449,Melissa Holt,sony.shrestha@estudiantat.upc.edu
450,Yvonne Crawford,sony.sth8@gmail.com
451,Emily Johnson,sony.shrestha@estudiantat.upc.edu
452,Amy Juarez,sony.shrestha@estudiantat.upc.edu
453,Vicki Elliott,sony.shrestha@estudiantat.upc.edu
454,Mr. Nicholas Smith MD,sony.shrestha@estudiantat.upc.edu
455,Stephen Green,sony.sth8@gmail.com
456,Robert Woodard,sony.sth8@gmail.com
457,Eric Jones,sony.sth8@gmail.com
458,Richard Melendez,sony.sth8@gmail.com
459,Melissa Cardenas,sony.shrestha@estudiantat.upc.edu
460,Cynthia Johnson,sony.shrestha@estudiantat.upc.edu
461,Mr. Marcus Butler MD,sony.shrestha@estudiantat.upc.edu
462,Brett Rollins,sony.sth8@gmail.com
463,Hannah Kelly,sony.shrestha@estudiantat.upc.edu
464,Mark Roberts,sony.shrestha@estudiantat.upc.edu
465,Misty Carter,sony.shrestha@estudiantat.upc.edu
466,Jason Mitchell,sony.sth8@gmail.com
467,Caitlin Martin,sony.sth8@gmail.com
468,Jamie Jones,sony.sth8@gmail.com
469,James Alexander,sony.shrestha@estudiantat.upc.edu
470,Thomas Carroll,sony.shrestha@estudiantat.upc.edu
471,Laura Nguyen,sony.shrestha@estudiantat.upc.edu
472,Jesus Arroyo,sony.shrestha@estudiantat.upc.edu
473,Andrea James,sony.shrestha@estudiantat.upc.edu
474,Victoria Torres,sony.sth8@gmail.com
475,Rhonda Moore,sony.sth8@gmail.com
476,John Hampton,sony.sth8@gmail.com
477,Jimmy Yoder,sony.shrestha@estudiantat.upc.edu
478,David Bradley,sony.shrestha@estudiantat.upc.edu
479,Charles Rowe,sony.shrestha@estudiantat.upc.edu
480,Michael Duran,sony.sth8@gmail.com
481,Tonya Jones,sony.shrestha@estudiantat.upc.edu
482,Denise Jones,sony.sth8@gmail.com
483,Justin Holmes,sony.shrestha@estudiantat.upc.edu
484,Meghan Chandler,sony.sth8@gmail.com
485,Jared Smith,sony.sth8@gmail.com
486,Michael Kelley,sony.shrestha@estudiantat.upc.edu
487,Robert Ortega,sony.shrestha@estudiantat.upc.edu
488,Debra George,sony.shrestha@estudiantat.upc.edu
489,David Oneill,sony.sth8@gmail.com
490,Erik Bates,sony.shrestha@estudiantat.upc.edu
491,Kristopher Newman,sony.shrestha@estudiantat.upc.edu
492,Cole Clark,sony.sth8@gmail.com
493,James Cruz,sony.shrestha@estudiantat.upc.edu
494,Margaret Mahoney,sony.sth8@gmail.com
495,Angela Thompson,sony.sth8@gmail.com
496,Alexis Hopkins,sony.shrestha@estudiantat.upc.edu
497,Kristy Fisher,sony.sth8@gmail.com
498,Gina Gordon,sony.sth8@gmail.com
499,Brian Martin,sony.sth8@gmail.com
500,Jerry Preston,sony.sth8@gmail.com
